{"cameraMode":{"drawMode":0,"name":"Shaded","section":"Shading Mode"},"sceneLighting":true,"audioPlay":false,"sceneViewState":{"showFog":true,"showMaterialUpdate":false,"showSkybox":true,"showFlares":true,"showImageEffects":true,"showParticleSystems":true},"in2DMode":false,"pivot":{"x":64.35795593261719,"y":-161.28570556640626,"z":333.9022216796875},"rotation":{"x":-0.25067877769470217,"y":0.11754348129034043,"z":-0.030680054798722268,"w":-0.9604178071022034},"size":904.5184326171875,"orthographic":false}