{"cameraMode":{"drawMode":0,"name":"Shaded","section":"Shading Mode"},"sceneLighting":false,"audioPlay":false,"sceneViewState":{"showFog":true,"showMaterialUpdate":false,"showSkybox":false,"showFlares":true,"showImageEffects":true,"showParticleSystems":true},"in2DMode":false,"pivot":{"x":-17.311368942260743,"y":-5.063082218170166,"z":-5.486708164215088},"rotation":{"x":0.10794207453727722,"y":-0.7747206091880798,"z":0.13762497901916505,"w":0.6076313853263855},"size":36.21162033081055,"orthographic":false}