{"cameraMode":{"drawMode":0,"name":"Shaded","section":"Shading Mode"},"sceneLighting":false,"audioPlay":false,"sceneViewState":{"showFog":true,"showMaterialUpdate":false,"showSkybox":false,"showFlares":true,"showImageEffects":true,"showParticleSystems":true},"in2DMode":false,"pivot":{"x":15.262903213500977,"y":8.531852722167969,"z":-3.277116537094116},"rotation":{"x":0.07110356539487839,"y":-0.7741795182228088,"z":-0.08839714527130127,"w":-0.6227169036865234},"size":18.610183715820314,"orthographic":false}