{"cameraMode":{"drawMode":0,"name":"Shaded","section":"Shading Mode"},"sceneLighting":true,"audioPlay":false,"sceneViewState":{"showFog":true,"showMaterialUpdate":false,"showSkybox":true,"showFlares":true,"showImageEffects":true,"showParticleSystems":true},"in2DMode":false,"pivot":{"x":-16.027645111083986,"y":-23.211326599121095,"z":56.00477981567383},"rotation":{"x":0.19594347476959229,"y":-0.15633262693881989,"z":0.03165953978896141,"w":0.9675557017326355},"size":74.58501434326172,"orthographic":false}