{"cameraMode":{"drawMode":0,"name":"Shaded","section":"Shading Mode"},"sceneLighting":true,"audioPlay":false,"sceneViewState":{"showFog":true,"showMaterialUpdate":false,"showSkybox":true,"showFlares":true,"showImageEffects":true,"showParticleSystems":true},"in2DMode":false,"pivot":{"x":-0.8466590046882629,"y":6.771943092346191,"z":-8.629035949707032},"rotation":{"x":0.18511418998241425,"y":0.03567318245768547,"z":-0.006724399048835039,"w":0.9820463061332703},"size":2.302255153656006,"orthographic":false}