{"cameraMode":{"drawMode":0,"name":"Shaded","section":"Shading Mode"},"sceneLighting":false,"audioPlay":false,"sceneViewState":{"showFog":true,"showMaterialUpdate":false,"showSkybox":false,"showFlares":true,"showImageEffects":true,"showParticleSystems":true},"in2DMode":false,"pivot":{"x":-18.394670486450197,"y":-2.65828275680542,"z":-4.773005485534668},"rotation":{"x":0.10794207453727722,"y":-0.7747206091880798,"z":0.13762497901916505,"w":0.6076313853263855},"size":22.905824661254884,"orthographic":false}